<beans xmlns="http://www.springframework.org/schema/beans"
	xmlns:xsi="http://www.w3.org/2001/XMLSchema-instance" 
	xmlns:context="http://www.springframework.org/schema/context"
	xmlns:aop="http://www.springframework.org/schema/aop"
	xmlns:tx="http://www.springframework.org/schema/tx"
	xsi:schemaLocation="
		http://www.springframework.org/schema/beans 
		http://www.springframework.org/schema/beans/spring-beans.xsd
		http://www.springframework.org/schema/context 
		http://www.springframework.org/schema/context/spring-context.xsd
		http://www.springframework.org/schema/tx
		http://www.springframework.org/schema/tx/spring-tx.xsd
		http://www.springframework.org/schema/aop
		http://www.springframework.org/schema/aop/spring-aop.xsd">
	<!-- 训练-->
	<!-- Dao-->
	<bean id="trainDao" class="org.mybatis.spring.mapper.MapperFactoryBean">
		<property name="mapperInterface" value="com.p2p.webapp.train.trainmgr.TrainDao" />
		<property name="sqlSessionFactory" ref="sqlSessionFactory"/>
	</bean>
	<!-- service -->
	<bean id="trainMgrService" class="com.p2p.webapp.train.trainmgr.service.impl.TrainMgrServiceImpl">
		<property name="trainDao" ref="trainDao" />
	</bean>
	<!-- action -->
	<bean id="trainMgrAction" class="com.p2p.webapp.train.trainmgr.action.TrainMgrAction" scope="prototype">
		<property name="trainMgrService" ref="trainMgrService"/>
		<property name="userCenterService" ref="userCenterService"/>
	</bean>
	
</beans>